{
  "start_time": 1782786423.7663422,
  "total_latency_sec": 66.01548480987549,
  "total_samples": 10,
  "end_time": 1782786577.6993537
}